-- Creating database
CREATE DATABASE MovieDB;

USE MovieDB;

-- Creating Movies table
CREATE TABLE Movies (
    movie_id INT AUTO_INCREMENT PRIMARY KEY,
    title VARCHAR(255) NOT NULL,
    release_date DATE NOT NULL,
    runtime INT NOT NULL,
    language VARCHAR(100) NOT NULL,
    actor_id INT,
    director_id INT,
    genre_id INT,
    rating DECIMAL(3, 1)
);

-- Create the Actors table
CREATE TABLE Actors (
    actor_id INT AUTO_INCREMENT PRIMARY KEY,
    name VARCHAR(255) NOT NULL,
    birthdate DATE NOT NULL
);

-- Create the Directors table
CREATE TABLE Directors (
    director_id INT AUTO_INCREMENT PRIMARY KEY,
    name VARCHAR(255) NOT NULL,
    birthdate DATE NOT NULL
);

-- Create the Genres table
CREATE TABLE Genres (
    genre_id INT AUTO_INCREMENT PRIMARY KEY,
    genre_name VARCHAR(100) NOT NULL
);

-- Create the Reviews table
CREATE TABLE Reviews (
    review_id INT AUTO_INCREMENT PRIMARY KEY,
    movie_id INT,
    review_text TEXT NOT NULL,
    rating DECIMAL(3, 1) NOT NULL,
    review_date DATE NOT NULL,
    FOREIGN KEY (movie_id) REFERENCES Movies(movie_id)
);


INSERT INTO Movies (title, release_date, runtime, language, actor_id, director_id, genre_id, rating)
VALUES
('The Silent Warrior', '2020-03-14', 120, 'English', 1, 1, 1, 8.2),
('Beyond the Horizon', '2018-07-21', 150, 'Spanish', 2, 2, 2, 7.9),
('Twilight Memories', '2017-11-05', 140, 'French', 3, 3, 3, 8.5),
('The Lost Kingdom', '2021-12-12', 115, 'English', 4, 4, 1, 7.4),
('Echoes of Time', '2019-05-19', 100, 'German', 5, 5, 4, 8.0),
('Winds of Change', '2022-01-02', 130, 'Japanese', 6, 6, 5, 7.2),
('The Final Chapter', '2020-07-17', 95, 'English', 7, 1, 6, 7.8),
('Midnight Stars', '2019-11-23', 145, 'Italian', 8, 7, 7, 8.1),
('Shadows of the Past', '2018-03-01', 110, 'English', 9, 8, 1, 6.9),
('A New Beginning', '2021-08-08', 125, 'Korean', 10, 9, 8, 7.7),
('Into the Abyss', '2019-04-16', 105, 'Portuguese', 11, 10, 9, 8.3),
('The Hidden Truth', '2017-06-24', 135, 'Russian', 12, 11, 10, 7.5),
('City of Dreams', '2020-09-05', 90, 'Hindi', 13, 12, 1, 7.1),
('Rise of the Phoenix', '2022-02-19', 160, 'English', 14, 13, 2, 8.9),
('Whispers in the Dark', '2018-11-27', 100, 'French', 15, 14, 3, 6.8),
('Frozen in Time', '2019-10-15', 120, 'Swedish', 16, 15, 4, 7.0),
('Broken Bonds', '2021-03-12', 110, 'English', 17, 16, 5, 7.3),
('Tides of War', '2020-12-22', 130, 'Chinese', 18, 17, 6, 7.6),
('The Shadowed Path', '2017-05-08', 140, 'Arabic', 19, 18, 7, 8.4),
('Streets of Fire', '2018-06-19', 115, 'Hindi', 20, 19, 8, 7.2),
('Skyward Bound', '2021-08-19', 110, 'English', 21, 20, 9, 7.5),
('Storm of Eternity', '2022-03-17', 145, 'Spanish', 22, 21, 10, 8.1),
('Waking the Giants', '2019-09-02', 130, 'English', 23, 22, 1, 6.9),
('Edge of Reality', '2020-11-14', 125, 'French', 24, 23, 2, 7.4),
('Breath of the Wild', '2017-04-11', 110, 'Japanese', 25, 24, 3, 8.3),
('Endless Roads', '2019-07-27', 140, 'Korean', 26, 25, 4, 8.0),
('The Hidden Fortress', '2018-05-30', 120, 'German', 27, 26, 5, 7.6),
('Dawn of Tomorrow', '2020-08-25', 115, 'Italian', 28, 27, 6, 7.8),
('Fire and Ice', '2021-09-14', 100, 'English', 29, 28, 7, 8.7),
('The Last Stand', '2020-12-31', 135, 'Russian', 30, 29, 8, 6.5),
('Echoes from the Deep', '2019-10-10', 130, 'English', 31, 1, 9, 7.5),
('The Wandering Spirit', '2018-06-14', 115, 'French', 32, 2, 10, 6.8),
('Eternal Sunshine', '2020-12-24', 125, 'Italian', 33, 3, 1, 8.9),
('Dark Moon Rising', '2017-11-07', 100, 'Hindi', 34, 4, 2, 6.6),
('A Heart of Stone', '2021-01-01', 140, 'Korean', 35, 5, 3, 7.4),
('Path of the Winds', '2022-03-28', 130, 'English', 36, 6, 4, 8.2),
('The Forgotten Realm', '2019-02-18', 110, 'German', 37, 7, 5, 7.1),
('Chasing Shadows', '2020-07-03', 105, 'English', 38, 8, 6, 7.9),
('Beneath the Surface', '2017-05-15', 115, 'Portuguese', 39, 9, 7, 8.0),
('Nightfall', '2018-04-23', 130, 'French', 40, 10, 8, 7.5),
('Ocean’s Fury', '2020-09-12', 150, 'Japanese', 41, 11, 9, 7.8),
('Lunar Eclipse', '2021-06-17', 140, 'English', 42, 12, 10, 8.1),
('The Bright Star', '2019-03-22', 95, 'Spanish', 43, 13, 1, 7.7),
('Valley of Dreams', '2020-05-19', 130, 'Italian', 44, 14, 2, 7.2),
('Fires of Fury', '2018-08-29', 120, 'English', 45, 15, 3, 7.9),
('The Last Frontier', '2021-10-12', 110, 'Hindi', 46, 16, 4, 7.0),
('Frozen River', '2022-02-10', 140, 'Korean', 47, 17, 5, 8.4),
('Echoing Voices', '2019-01-01', 125, 'French', 48, 18, 6, 7.1),
('The Red Dawn', '2020-03-14', 115, 'Italian', 49, 19, 7, 7.5),
('The Eternal War', '2018-11-19', 130, 'English', 50, 20, 8, 8.3),
('The Silent Storm', '2018-12-12', 120, 'English', 31, 21, 1, 8.0),
('A Journey Through Time', '2019-07-07', 130, 'Japanese', 32, 22, 2, 7.5),
('Whispers in the Wind', '2020-09-09', 110, 'Italian', 33, 23, 3, 8.3),
('Fallen Kingdom', '2017-08-08', 115, 'Spanish', 34, 24, 4, 7.7),
('The Secret Garden', '2021-11-11', 105, 'French', 35, 25, 5, 8.4),
('The Great Divide', '2019-04-04', 140, 'Portuguese', 36, 26, 6, 7.6),
('Beneath the Waves', '2022-06-06', 135, 'English', 37, 27, 7, 7.9),
('Legends of the Fall', '2020-05-05', 120, 'Korean', 38, 28, 8, 8.5),
('The Final Hour', '2018-10-10', 145, 'Russian', 39, 29, 9, 7.4),
('Mystic River', '2017-01-01', 125, 'Hindi', 40, 30, 10, 8.1),
('The Burning Sky', '2019-08-15', 130, 'German', 41, 1, 1, 7.8),
('Echoes of Eternity', '2021-02-28', 115, 'Italian', 42, 2, 2, 7.5),
('The Long Road Home', '2018-03-12', 110, 'English', 43, 3, 3, 8.2),
('The Lost Treasure', '2020-07-07', 140, 'French', 44, 4, 4, 7.6),
('The Dark Forest', '2017-09-09', 135, 'Spanish', 45, 5, 5, 8.0),
('The Iron Fist', '2022-12-12', 120, 'English', 46, 6, 6, 7.9),
('The Shattered Crown', '2019-11-11', 130, 'Hindi', 47, 7, 7, 7.7),
('Beneath the Ice', '2021-01-01', 125, 'Russian', 48, 8, 8, 8.1),
('The Forgotten Ones', '2020-02-14', 140, 'English', 49, 9, 9, 7.4),
('Tales of the Ancient', '2018-04-14', 150, 'Korean', 50, 10, 10, 8.3),
('The Golden Compass', '2019-06-06', 130, 'English', 11, 11, 1, 7.7),
('The Hidden Valley', '2020-07-07', 120, 'German', 12, 12, 2, 8.0),
('Through the Mist', '2018-09-09', 115, 'French', 13, 13, 3, 7.5),
('The Edge of Time', '2021-10-10', 140, 'English', 14, 14, 4, 8.3),
('Whispers of the Sea', '2017-02-12', 135, 'Japanese', 15, 15, 5, 7.8),
('The Dark Knight', '2019-03-03', 150, 'English', 16, 16, 6, 8.4),
('The Final Countdown', '2022-11-11', 110, 'Korean', 17, 17, 7, 7.6),
('Shadows in the Night', '2018-12-12', 125, 'Spanish', 18, 18, 8, 7.9),
('The Phantom Menace', '2020-01-01', 130, 'English', 19, 19, 9, 8.1),
('Beneath the Stars', '2021-02-02', 140, 'Portuguese', 20, 20, 10, 7.4),
('Frozen Dreams', '2019-04-04', 145, 'English', 21, 21, 1, 7.7),
('The Crystal Palace', '2020-05-05', 110, 'Italian', 22, 22, 2, 8.0),
('The Great Escape', '2018-06-06', 135, 'English', 23, 23, 3, 7.5),
('Echoes from the Past', '2021-07-07', 120, 'French', 24, 24, 4, 8.3),
('The Final Battle', '2017-08-08', 130, 'Spanish', 25, 25, 5, 7.8),
('The Forgotten Kingdom', '2022-09-09', 140, 'English', 26, 26, 6, 8.4),
('The Rising Sun', '2019-10-10', 150, 'Russian', 27, 27, 7, 7.6),
('The Shattered Sword', '2020-11-11', 115, 'English', 28, 28, 8, 7.9),
('Beneath the Shadows', '2021-12-12', 125, 'Portuguese', 29, 29, 9, 8.1),
('The Iron Throne', '2018-01-01', 140, 'English', 30, 30, 10, 7.4),
('Whispers of the Night', '2020-03-03', 110, 'French', 31, 1, 1, 7.8),
('The Crimson Dawn', '2019-05-05', 120, 'English', 32, 2, 2, 8.2),
('The Frozen Heart', '2021-07-07', 130, 'English', 33, 3, 3, 7.9),
('Shadows of the Deep', '2017-09-09', 145, 'Portuguese', 34, 4, 4, 8.5),
('The Last Warrior', '2018-11-11', 135, 'English', 35, 5, 5, 7.4),
('The Dark Horizon', '2022-12-12', 140, 'Italian', 36, 6, 6, 7.7),
('Echoes of the Abyss', '2019-01-01', 125, 'English', 37, 7, 7, 8.3),
('The Final Stand', '2020-02-02', 150, 'German', 38, 8, 8, 7.6),
('Tales of the Forgotten', '2021-04-04', 110, 'Russian', 39, 9, 9, 8.1),
('Beneath the Flames', '2018-06-06', 130, 'English', 40, 10, 10, 7.9);
INSERT INTO Actors (actor_id, name, birthdate)
VALUES
(1, 'John Smith', '1985-03-14'),
(2, 'Emma Johnson', '1990-07-21'),
(3, 'Liam Brown', '1978-11-05'),
(4, 'Sophia Davis', '1982-12-12'),
(5, 'James Wilson', '1995-05-19'),
(6, 'Olivia Martinez', '1987-01-02'),
(7, 'William Garcia', '1975-07-17'),
(8, 'Isabella Anderson', '1993-11-23'),
(9, 'Henry Lee', '1992-03-01'),
(10, 'Charlotte Harris', '1988-08-08'),
(11, 'Benjamin Clark', '1984-04-16'),
(12, 'Amelia Lewis', '1989-06-24'),
(13, 'Lucas Walker', '1979-09-05'),
(14, 'Mia Young', '1992-02-19'),
(15, 'Alexander Hall', '1981-11-27'),
(16, 'Harper Allen', '1986-10-15'),
(17, 'Daniel King', '1991-03-12'),
(18, 'Evelyn Scott', '1985-12-22'),
(19, 'David Green', '1994-05-08'),
(20, 'Ava Adams', '1989-06-19'),
(21, 'Michael Carter', '1983-01-19'),
(22, 'Isabella Campbell', '1992-03-28'),
(23, 'Ethan Perez', '1990-04-30'),
(24, 'Grace Rivera', '1987-06-25'),
(25, 'Jacob Nelson', '1984-02-05'),
(26, 'Scarlett Baker', '1991-09-14'),
(27, 'Logan Mitchell', '1992-11-30'),
(28, 'Emily Roberts', '1986-10-19'),
(29, 'Lucas Collins', '1990-09-25'),
(30, 'Mason Turner', '1988-11-13'),
(31, 'Olivia Stewart', '1993-12-05'),
(32, 'Elijah Rogers', '1981-08-27'),
(33, 'Mia Parker', '1985-09-12'),
(34, 'Noah Wright', '1978-10-18'),
(35, 'Liam Murphy', '1991-07-07'),
(36, 'Sophia Price', '1987-03-29'),
(37, 'Benjamin Bell', '1984-11-09'),
(38, 'Ava Howard', '1995-01-22'),
(39, 'Ethan Ward', '1990-04-14'),
(40, 'Charlotte Cox', '1992-08-16'),
(41, 'Henry Wood', '1986-06-20'),
(42, 'Isla Phillips', '1988-10-28'),
(43, 'Jackson Long', '1993-05-11'),
(44, 'Chloe Morgan', '1985-11-15'),
(45, 'Samuel Bailey', '1983-09-06'),
(46, 'Mila Cooper', '1992-12-30'),
(47, 'Lucas Richardson', '1991-04-08'),
(48, 'Luna Perry', '1994-07-29'),
(49, 'Jack Hayes', '1980-11-04'),
(50, 'Ella Russell', '1990-05-17');
INSERT INTO Directors (director_id, name, birthdate)
VALUES
(1, 'Christopher Nolan', '1970-07-30'),
(2, 'Steven Spielberg', '1946-12-18'),
(3, 'Martin Scorsese', '1942-11-17'),
(4, 'Quentin Tarantino', '1963-03-27'),
(5, 'James Cameron', '1954-08-16'),
(6, 'Ridley Scott', '1937-11-30'),
(7, 'David Fincher', '1962-08-28'),
(8, 'Peter Jackson', '1961-10-31'),
(9, 'Francis Ford Coppola', '1939-04-07'),
(10, 'George Lucas', '1944-05-14'),
(11, 'Tim Burton', '1958-08-25'),
(12, 'Guillermo del Toro', '1964-10-09'),
(13, 'J.J. Abrams', '1966-06-27'),
(14, 'Greta Gerwig', '1983-08-04'),
(15, 'Kathryn Bigelow', '1951-11-27'),
(16, 'Clint Eastwood', '1930-05-31'),
(17, 'Wes Anderson', '1969-05-01'),
(18, 'Sofia Coppola', '1971-05-14'),
(19, 'Spike Lee', '1957-03-20'),
(20, 'Alfonso Cuarón', '1961-11-28'),
(21, 'Alejandro González Iñárritu', '1963-08-15'),
(22, 'Damien Chazelle', '1985-01-19'),
(23, 'Patty Jenkins', '1971-07-24'),
(24, 'Bong Joon-ho', '1969-09-14'),
(25, 'Denis Villeneuve', '1967-10-03'),
(26, 'Taika Waititi', '1975-08-16'),
(27, 'Jordan Peele', '1979-02-21'),
(28, 'Rian Johnson', '1973-12-17'),
(29, 'Paul Thomas Anderson', '1970-06-26'),
(30, 'Guy Ritchie', '1968-09-10');
INSERT INTO Genres (genre_id, genre_name)
VALUES
(1, 'Action'),
(2, 'Drama'),
(3, 'Comedy'),
(4, 'Thriller'),
(5, 'Horror'),
(6, 'Romance'),
(7, 'Science Fiction'),
(8, 'Fantasy'),
(9, 'Documentary'),
(10, 'Adventure');
INSERT INTO Reviews (movie_id, review_text, rating, review_date)
VALUES
(1, 'Amazing visuals and storytelling. A must-watch!', 8.5, '2022-01-01'),
(1, 'The plot was gripping but pacing was slow.', 7.8, '2022-02-10'),
(2, 'Outstanding performances, a deep emotional narrative.', 9.0, '2022-02-15'),
(2, 'Great direction but a bit predictable.', 7.9, '2022-03-14'),
(3, 'A visual masterpiece with a compelling story.', 8.9, '2022-04-12'),
(3, 'Solid movie, though the character development was lacking.', 7.5, '2022-05-01'),
(4, 'An absolute thrill ride from start to finish!', 9.2, '2022-06-05'),
(4, 'Loved the action, but the story was a bit weak.', 7.6, '2022-06-20'),
(5, 'The acting was phenomenal, but the plot felt predictable.', 7.9, '2022-07-10'),
(5, 'Solid storyline, but not very engaging overall.', 7.2, '2022-07-15'),
(6, 'A groundbreaking movie in every aspect.', 9.5, '2022-08-01'),
(6, 'The visuals were stunning but the plot was lacking depth.', 7.3, '2022-08-10'),
(7, 'An inspiring story, beautifully executed.', 8.7, '2022-09-01'),
(7, 'Good direction, but I expected more from the climax.', 7.8, '2022-09-25'),
(8, 'The plot twists kept me on the edge of my seat.', 9.1, '2022-10-01'),
(8, 'Interesting movie but a bit too long.', 7.5, '2022-10-14'),
(9, 'A good watch, though it could have been more engaging.', 7.2, '2022-11-01'),
(9, 'The acting saved this otherwise mediocre story.', 7.4, '2022-11-20'),
(10, 'A visually stunning film with deep meaning.', 8.9, '2022-12-01'),
(10, 'The film had potential but failed to deliver in key moments.', 7.0, '2022-12-15'),
(11, 'Absolutely loved it! Incredible direction and acting.', 9.0, '2023-01-10'),
(11, 'The plot was a bit confusing at times.', 7.6, '2023-02-01'),
(12, 'A beautifully crafted film with a strong message.', 8.9, '2023-03-10'),
(12, 'Good film, but too slow for my liking.', 7.0, '2023-03-20'),
(13, 'An emotional rollercoaster from start to finish.', 9.1, '2023-04-05'),
(13, 'Not as good as expected, but worth watching.', 7.0, '2023-04-15'),
(14, 'Stunning performances but the plot lacked depth.', 7.8, '2023-05-01'),
(14, 'One of the best movies of the year.', 9.3, '2023-05-20'),
(15, 'The movie had potential but fell flat towards the end.', 6.9, '2023-06-10'),
(15, 'Fantastic direction but needed a better script.', 7.4, '2023-06-25'),
(16, 'The visuals were amazing but the plot fell short.', 7.2, '2023-07-01'),
(16, 'Great acting but the pacing could have been better.', 7.9, '2023-07-15'),
(17, 'A solid movie with great performances.', 8.6, '2023-08-01'),
(17, 'The storyline was predictable, but still enjoyable.', 7.4, '2023-08-20'),
(18, 'A beautiful story with emotional depth.', 9.0, '2023-09-05'),
(18, 'The plot was weak but the acting was great.', 7.5, '2023-09-15'),
(19, 'A unique film with strong direction.', 8.8, '2023-10-01'),
(19, 'Could have been shorter but still a great film.', 7.6, '2023-10-20'),
(20, 'The story was engaging, but lacked a proper conclusion.', 7.3, '2023-11-05'),
(20, 'Visually stunning but could have had a better plot.', 7.6, '2023-11-15'),
(21, 'An emotional and thought-provoking film.', 8.9, '2023-12-01'),
(21, 'A bit slow-paced, but still worth watching.', 7.5, '2023-12-10'),
(22, 'A brilliant narrative and stunning visuals.', 8.8, '2024-01-05'),
(22, 'Fell short on character development, but overall a good film.', 7.3, '2024-01-15'),
(23, 'Fantastic direction, loved every bit of it.', 9.2, '2024-02-01'),
(23, 'The pacing was uneven but still engaging.', 7.8, '2024-02-14'),
(24, 'A unique film with great performances.', 8.4, '2024-03-01'),
(24, 'Good acting, but the plot was a bit predictable.', 7.1, '2024-03-15'),
(25, 'An absolute masterpiece. Loved every moment.', 9.5, '2024-04-01'),
(25, 'The cinematography was exceptional.', 8.7, '2024-04-10'),
(26, 'An interesting take on a familiar genre.', 8.2, '2024-05-01'),
(26, 'Could have been shorter, but overall a great movie.', 7.4, '2024-05-15'),
(27, 'A well-rounded film with fantastic direction.', 8.8, '2024-06-01'),
(27, 'The story felt a bit weak but the performances saved it.', 7.2, '2024-06-18'),
(28, 'A thrilling and visually stunning film.', 9.0, '2024-07-01'),
(28, 'Could have had a better ending.', 7.3, '2024-07-15'),
(29, 'An engaging film from start to finish.', 8.5, '2024-08-01'),
(29, 'Good, but nothing exceptional.', 7.0, '2024-08-12'),
(30, 'A thought-provoking and visually appealing movie.', 8.7, '2024-09-01'),
(30, 'A decent film, but could have been better.', 7.2, '2024-09-15'),
(31, 'An emotional rollercoaster, well-executed.', 8.9, '2023-01-02'),
(31, 'Great performances, but the story could have been better.', 7.4, '2023-01-18'),
(32, 'A refreshing take on a classic story.', 8.7, '2023-02-05'),
(33, 'An inspiring and heartwarming film.', 9.1, '2023-03-01'),
(33, 'Visually stunning, but lacked depth in the story.', 7.3, '2023-03-15'),
(34, 'A thrilling adventure with a strong plot.', 8.6, '2023-04-05'),
(34, 'Good action scenes but the narrative was predictable.', 7.0, '2023-04-20'),
(35, 'A beautifully crafted film with emotional depth.', 9.3, '2023-05-05'),
(35, 'The performances were strong but the pacing felt slow.', 7.4, '2023-05-22'),
(36, 'A solid movie with excellent direction.', 8.4, '2023-06-01'),
(36, 'The plot was interesting, but it lacked impact.', 7.2, '2023-06-14'),
(37, 'A gripping tale with strong character development.', 8.8, '2023-07-01'),
(37, 'The storyline was engaging but the pacing could have been better.', 7.6, '2023-07-15'),
(38, 'A highly entertaining film with stunning visuals.', 9.2, '2023-08-01'),
(38, 'Good movie, but the plot felt too familiar.', 7.3, '2023-08-12'),
(39, 'A well-crafted film that keeps you hooked.', 8.5, '2023-09-01'),
(39, 'The performances were strong, but the story lacked originality.', 7.2, '2023-09-20'),
(40, 'A refreshing movie with a great mix of humor and drama.', 8.7, '2023-10-01'),
(40, 'The pacing was uneven, but still entertaining.', 7.5, '2023-10-14'),
(42, 'An interesting concept, well-executed.', 8.3, '2023-11-05'),
(42, 'A solid film but lacks originality.', 7.0, '2023-11-17'),
(42, 'The performances were amazing, worth watching.', 8.5, '2023-12-01'),
(43, 'A visually stunning film, but the story felt lacking.', 7.4, '2023-12-10'),
(45, 'A thrilling and well-paced film.', 8.9, '2024-01-01'),
(45, 'Loved the character development and plot twists.', 9.2, '2024-01-15'),
(45, 'The ending felt rushed but still a good watch.', 7.8, '2024-01-20'),
(45, 'Good action scenes, but lacked emotional depth.', 7.5, '2024-01-25'),
(47, 'A fun and exciting adventure.', 8.4, '2024-02-05'),
(47, 'The story was predictable, but the action was great.', 7.6, '2024-02-18'),
(48, 'A solid movie but didn’t stand out.', 7.3, '2024-03-01'),
(49, 'A deeply emotional film with strong performances.', 8.8, '2024-03-10'),
(49, 'The narrative was a bit confusing at times.', 7.4, '2024-03-18'),
(49, 'Good direction and cinematography.', 8.1, '2024-03-25'),
(50, 'A unique take on a classic theme. Enjoyed it!', 8.4, '2024-04-05'),
(50, 'Good effort, but felt a bit slow in the middle.', 7.1, '2024-04-12'),
(52, 'An inspiring story beautifully told.', 9.0, '2024-05-01'),
(52, 'The performances were strong but the pacing felt slow.', 7.5, '2024-05-10'),
(52, 'A visually stunning movie with a deep story.', 8.9, '2024-05-20'),
(52, 'Could have been shorter but overall a great film.', 7.7, '2024-05-30'),
(54, 'A fun watch but didn’t leave a lasting impression.', 7.0, '2024-06-05'),
(56, 'A gripping tale with strong performances.', 8.5, '2024-06-20'),
(56, 'Good film but a bit too long for my taste.', 7.3, '2024-07-01'),
(56, 'The direction was great, but the plot was predictable.', 7.8, '2024-07-10'),
(57, 'An engaging and emotional film.', 8.7, '2024-07-15'),
(57, 'The narrative was a bit slow but the performances were strong.', 7.6, '2024-07-25'),
(59, 'A visually stunning movie with a unique plot.', 8.9, '2024-08-01'),
(59, 'Good pacing, but the ending felt rushed.', 7.4, '2024-08-12'),
(59, 'Strong performances but the plot was weak.', 7.2, '2024-08-18'),
(61, 'A thrilling and fast-paced adventure.', 9.0, '2024-09-01'),
(61, 'Good direction, but the character development was lacking.', 7.6, '2024-09-10'),
(61, 'An enjoyable film with a few plot holes.', 7.8, '2024-09-20'),
(61, 'The action scenes were well done but the story felt weak.', 7.4, '2024-09-30'),
(70, 'A captivating movie with strong performances.', 8.6, '2024-10-01'),
(70, 'The film had potential but lacked originality.', 7.3, '2024-10-12'),
(72, 'A solid and thought-provoking movie.', 8.4, '2024-11-01'),
(72, 'Good acting but the plot could have been better.', 7.2, '2024-11-10'),
(73, 'A touching story with strong emotional depth.', 9.1, '2024-12-01'),
(73, 'Visually appealing but lacked a strong narrative.', 7.3, '2024-12-15'),
(80, 'A solid film with great direction.', 8.5, '2025-01-01'),
(80, 'Could have been more engaging, but still a good watch.', 7.2, '2025-01-10'),
(80, 'The pacing was slow, but the visuals were stunning.', 8.1, '2025-01-18'),
(82, 'A unique and engaging film, highly recommended.', 9.2, '2025-02-01'),
(82, 'The story was interesting but lacked depth.', 7.5, '2025-02-12'),
(85, 'A thrilling movie with excellent performances.', 8.7, '2025-03-01'),
(85, 'Great direction but a weak plot.', 7.4, '2025-03-18'),
(90, 'A touching and well-executed story.', 8.7, '2025-04-01'),
(92, 'A great ending to a fantastic series.', 9.3, '2025-04-20'),
(92, 'The movie could have been shorter, but overall excellent.', 7.8, '2025-05-01'),
(95, 'A movie with great heart and depth.', 9.0, '2025-06-01'),
(95, 'Good visuals, but the pacing felt slow.', 7.2, '2025-06-15'),
(100, 'An epic conclusion to the series. Brilliant!', 9.5, '2025-07-01'),
(100, 'The plot was interesting but could have been better executed.', 7.4, '2025-07-15'),
(100, 'A visual masterpiece with strong character arcs.', 9.0, '2025-07-30'),
(100, 'A good ending but felt a bit rushed in the third act.', 7.8, '2025-08-22'),
(41, 'A strong narrative with excellent direction.', 8.4, '2024-08-10'),
(41, 'The plot dragged a bit, but still a solid movie.', 7.3, '2024-08-18'),
(43, 'Amazing performances but the story felt incomplete.', 7.7, '2024-09-10'),
(46, 'A captivating film with beautiful visuals.', 8.9, '2024-10-01'),
(46, 'Good acting, but the pacing felt slow.', 7.4, '2024-10-12'),
(51, 'A fantastic story with great character development.', 9.1, '2024-11-01'),
(51, 'Could have been a bit shorter, but a solid film.', 7.6, '2024-11-15'),
(53, 'An engaging film, though the plot was predictable.', 7.9, '2024-12-01'),
(53, 'The movie started strong but lost its way in the second half.', 7.3, '2024-12-10'),
(55, 'A decent movie with strong performances.', 7.8, '2025-01-05'),
(58, 'The action scenes were well done, but the story lacked depth.', 7.5, '2025-02-01'),
(58, 'Good cinematography but the pacing was off.', 7.2, '2025-02-12'),
(60, 'A unique storyline with strong performances.', 8.6, '2025-03-01'),
(60, 'The plot had potential but wasn’t fully realized.', 7.1, '2025-03-15'),
(62, 'A visually stunning movie with emotional depth.', 8.9, '2025-04-01'),
(62, 'The film was a bit slow at times, but still enjoyable.', 7.5, '2025-04-12'),
(63, 'An engaging and heartfelt film.', 8.7, '2025-05-01'),
(63, 'Good performances but the plot was too predictable.', 7.3, '2025-05-10'),
(64, 'A well-directed movie with a unique storyline.', 8.5, '2025-06-01'),
(65, 'A visually appealing movie with a strong narrative.', 8.9, '2025-07-01'),
(65, 'The film had potential but the pacing was slow.', 7.2, '2025-07-12'),
(66, 'A well-rounded movie with strong performances.', 8.4, '2025-08-01'),
(66, 'The story was good but the ending felt rushed.', 7.4, '2025-08-15'),
(67, 'An emotional movie with a captivating storyline.', 9.1, '2025-09-01'),
(68, 'A thrilling movie with stunning visuals.', 8.8, '2025-10-01'),
(68, 'The plot was interesting but could have been executed better.', 7.5, '2025-10-15'),
(69, 'A good movie with strong direction.', 8.3, '2025-11-01'),
(71, 'An engaging movie with great performances.', 8.6, '2025-12-01'),
(71, 'The film was well-directed but the plot was lacking.', 7.4, '2025-12-10'),
(74, 'A fun movie with a unique twist.', 8.2, '2026-01-01'),
(74, 'Good acting, but the story felt too familiar.', 7.0, '2026-01-12'),
(75, 'A thrilling movie from start to finish.', 9.0, '2026-02-01'),
(76, 'A good movie but the pacing was uneven.', 7.3, '2026-03-01'),
(76, 'The story was captivating but could have been better executed.', 7.6, '2026-03-12'),
(77, 'An emotional journey with great performances.', 8.9, '2026-04-01'),
(78, 'A visually appealing movie with a strong narrative.', 8.7, '2026-05-01'),
(78, 'The movie was entertaining but lacked depth.', 7.4, '2026-05-10'),
(79, 'A captivating movie with excellent direction.', 8.6, '2026-06-01'),
(79, 'Good acting but the plot was predictable.', 7.3, '2026-06-10'),
(81, 'A strong performance by the cast but the story was weak.', 7.5, '2026-07-01'),
(83, 'A visually stunning film with an emotional core.', 8.8, '2026-08-01'),
(83, 'Good performances but the plot lacked originality.', 7.3, '2026-08-15'),
(84, 'A unique take on a classic story.', 8.5, '2026-09-01'),
(86, 'A gripping movie with a strong storyline.', 8.9, '2026-10-01'),
(88, 'The acting was great but the story was a bit slow.', 7.4, '2026-11-01'),
(89, 'A visually stunning movie with emotional depth.', 8.6, '2026-12-01'),
(93, 'An entertaining movie but the story was predictable.', 7.5, '2027-01-01'),
(94, 'A well-executed movie with strong performances.', 8.7, '2027-02-01'),
(96, 'An engaging movie with a strong message.', 8.9, '2027-03-01'),
(97, 'A thrilling movie with a captivating plot.', 9.0, '2027-04-01'),
(97, 'The story was a bit predictable but still enjoyable.', 7.4, '2027-04-10'),
(98, 'A visually stunning film with excellent direction.', 8.5, '2027-05-01'),
(99, 'A captivating movie with strong performances.', 8.8, '2027-06-01'),
(99, 'Good direction but the story felt rushed.', 7.5, '2027-06-10'),
(100, 'An epic conclusion to an excellent series.', 9.5, '2027-07-01'),
(100, 'The movie was great but the ending could have been stronger.', 7.6, '2027-07-15'),
(32, 'An engaging movie but felt a bit too long.', 7.2, '2027-08-01'),
(41, 'A captivating performance but the plot was predictable.', 8.0, '2027-08-10'),
(55, 'Solid film with a strong emotional core.', 8.5, '2027-08-20'),
(66, 'Amazing direction but the pacing was a bit off.', 7.4, '2027-09-01'),
(78, 'A visually beautiful movie but lacked depth.', 7.6, '2027-09-12'),
(89, 'A thrilling ride from start to finish.', 9.1, '2027-09-20'),
(93, 'Interesting plot but some parts felt rushed.', 7.3, '2027-10-01'),
(24, 'Great acting but the storyline lacked originality.', 7.5, '2027-10-12'),
(17, 'An emotional journey with standout performances.', 8.9, '2027-10-20'),
(50, 'A visually stunning movie with a strong narrative.', 8.8, '2027-11-01');


